,mae,r2
0,988.1508047147962,-2193.5394193358275
1,966.349413318078,-327.044754769519
2,943.586179396273,-116.22011947456791
